CustomerID,FirstName,LastName,Email
1,Dustin,Diaz,jenniferbaker@montgomery-cardenas.com
2,Jessica,Anderson,vanessamoses@velasquez.com
3,Jeremy,Wagner,johntrujillo@golden.com
4,Crystal,Roberts,stewartsean@gmail.com
5,Anna,Bryant,jacobcantrell@gmail.com
6,Stephanie,Anderson,wsmith@hotmail.com
7,Andrew,Watson,vazquezjill@campbell.biz
8,Charles,Leach,sward@yahoo.com
9,Tracy,Dominguez,molly55@gmail.com
10,Patricia,Wilcox,yhernandez@johnson-ball.com
11,Christopher,Baker,paige20@gmail.com
12,Veronica,Patton,angelabrown@tanner.com
13,Melissa,Santiago,tamaramartin@house.com
14,Ernest,Davis,john69@gmail.com
15,Steven,Ramos,timothywright@ramirez.com
16,Thomas,Sharp,navarrokenneth@hotmail.com
17,Michelle,Erickson,petersonstephen@yahoo.com
18,Rachael,Adams,jessica66@gmail.com
19,Chad,Young,heather39@yahoo.com
20,Charles,Gibbs,johnmoore@hotmail.com
21,William,Erickson,jerry15@perry-gray.com
22,Jennifer,Campbell,nkim@gmail.com
23,Monique,Bryan,iphillips@moore.info
24,Tara,Reed,jonespaul@gmail.com
25,Daniel,Smith,amy63@gmail.com
26,Rachael,Mcclure,samanthacarrillo@hotmail.com
27,Caleb,Cherry,smithjordan@hotmail.com
28,Katherine,Clements,randallmorris@williams.biz
29,Brenda,Garcia,utapia@yahoo.com
30,Steven,Russo,juanrice@peterson-sanders.org
31,Dale,Porter,brandon65@foley.biz
32,Benjamin,Cowan,michael05@hotmail.com
33,Casey,Frederick,martinezpatricia@yahoo.com
34,Nicole,Miller,alexis77@gmail.com
35,Andrew,Hood,paul33@green.com
36,Jennifer,Mann,timothycuevas@joyce.com
37,Michael,Henderson,davidmccarthy@gmail.com
38,Chad,Holland,jason86@acosta.net
39,Daniel,Collins,wjohnson@herrera.com
40,Jason,Rogers,bonniemartin@yahoo.com
41,Sharon,Day,gregory02@brown.info
42,Stephanie,Chambers,jamesprice@hotmail.com
43,Heidi,Perry,martineznicholas@bennett-juarez.net
44,Ryan,Allen,angela56@hotmail.com
45,Kristy,Harris,annacoffey@yahoo.com
46,Michelle,Hart,hallcindy@jones-fernandez.com
47,Michael,Carrillo,ebartlett@yahoo.com
48,Roger,Cohen,lgraham@gmail.com
49,Frank,Barr,stephanie72@gmail.com
50,Vanessa,Gutierrez,sandovaljohn@clark.com
51,John,Thomas,bcochran@yahoo.com
52,Kelly,Joseph,lutzvictoria@hotmail.com
53,Michael,Brown,billy84@yahoo.com
54,Kristen,Taylor,frankoneill@acevedo-ashley.biz
55,Alexis,Coleman,lawrenceevans@gmail.com
56,Rodney,Martinez,hailey93@gmail.com
57,Kevin,Johnson,youngmonica@yahoo.com
58,Jason,White,jonesdavid@daniels-sandoval.com
59,Christopher,Jenkins,rodney08@yahoo.com
60,Jonathan,Ware,ifleming@walsh.com
